Word 1, Word 2
FIELD, CALF
DINOSAUR, BAND
NINJA, CHOCOLATE
MOUTH, PLASTIC
PIN, ALPS
CONDUCTOR, SWITCH
SERVER, BEIJING
THUMB, SQUARE
SNOW, PHOENIX
AMAZON, THUMB
WITCH, DATE
LOG, SHARK
BOX, FIGHTER
SINK, BELT
WEB, KING
TEACHER, PLATYPUS
TABLE, HORSESHOE
BUFFALO, VACUUM
SWING, WAVE
TRAIN, JET
ROOT, FRANCE
ANGEL, NINJA
CRICKET, ROW
PART, ROULETTE
MINT, VET
GREECE, ROULETTE
LOCK, OCTOPUS
SEAL, CHARGE
BUFFALO, TAG
CLIFF, RULER
SCUBA DIVER, ENGINE
CHINA, POISON
WAVE, FAIR
PASTE, CALF
TRIP, SHIP
CANADA, CALF
WIND, CASINO
WIND, SCREEN
BALL, FILM
HAWK, KANGAROO
FLY, COPPER
REVOLUTION, LOCH NESS
MARBLE, MERCURY
CLUB, CHECK
LEAD, STRAW
BED, AGENT
SKYSCRAPER, DIAMOND
EAGLE, BEAR
SPRING, DUCK
MOUNT, BUFFALO
WEB, ROME
GRACE, AIR
WEB, SLUG
DINOSAUR, TABLET
HAM, SINK
TOWER, CHARGE
CASINO, PANTS
GAS, CARROT
SHOT, SUPERHERO
BOMB, GAS
PYRAMID, BRIDGE
DANCE, PALM
POISON, PLASTIC
DRESS, COURT
PHOENIX, TICK
SOUL, BERRY
LASER, HORSE
PANTS, GREECE
BEIJING, CRASH
BAT, WORM
DINOSAUR, ARM
MOUTH, ROBOT
CRANE, ANGEL
OLIVE, SPELL
SHADOW, CODE
CAR, LONDON
CARD, TURKEY
DRESS, TORCH
COOK, MEXICO
HAWK, FLY
PUPIL, BILL
CIRCLE, NOTE
ALPS, ANTARCTICA
PITCH, STOCK
SCUBA DIVER, KANGAROO
BUG, LASER
AMBULANCE, TORCH
GRASS, CHICK
BRIDGE, TUBE
BLOCK, HELICOPTER
FILE, FOREST
FIGURE, ALPS
PIRATE, CLOAK
PRINCESS, PLATYPUS
HIMALAYAS, SINK
GRASS, MOUNT
THIEF, CYCLE
GENIUS, FAN
REVOLUTION, FRANCE
WASHER, DOCTOR